1,2,3,4,5,6,7,8,9,10,11,12,13,14,15,16,17,18,19,20,21,22,23,24,25,26,27,28,29,30,31,32,33,34,35,36,37,38,39,40,41,42,43,44,45,46,47,48,49,50,51,52,53,54,55,56,57,58,59,60,61,62,63,64,65,66,67,68,69,70,71,72,73,74,75,76,77,78,79,80,81,82,83,84,85,86,87,88,89,90,91,92,93,94,95,96,97,98,99,100
NAM,ASP,EUR,NAM,ASP,NAM,EUR,NAM,EUR,ASP,NAM,MEA,ASP,EUR,EUR,ASP,NAM,ASP,ASP,NAM,ASP,NAM,NAM,NAM,NAM,NAM,EUR,ASP,EUR,EUR,ASP,NAM,ASP,ASP,EUR,EUR,NAM,NAM,ASP,NAM,NAM,NAM,NAM,ASP,LAC,ASP,ASP,NAM,ASP,ASP,ASP,EUR,LAC,EUR,EUR,ASP,EUR,NAM,NAM,NAM,EUR,EUR,EUR,NAM,ASP,EUR,EUR,MEA,ASP,NAM,EUR,LAC,EUR,AFR,EUR,EUR,NAM,NAM,EUR,EUR,ASP,MEA,EUR,ASP,ASP,NAM,EUR,NAM,NAM,LAC,LAC,ASP,ASP,MEA,ASP,LAC,EUR,EUR,EUR,ASP
ATL,PEK,LHR,ORD,HND,LAX,CDG,DFW,FRA,HKG,DEN,DXB,CGK,AMS,MAD,BKK,JFK,SIN,CAN,LAS,PVG,SFO,PHX,IAH,CLT,MIA,MUC,KUL,FCO,IST,SYD,MCO,ICN,DEL,BCN,LGW,EWR,YYZ,SHA,MSP,SEA,DTW,PHL,BOM,GRU,MNL,CTU,BOS,SZX,MEL,NRT,ORY,MEX,DME,AYT,TPE,ZRH,LGA,FLL,IAD,PMI,CPH,SVO,BWI,KMG,VIE,OSL,JED,BNE,SLC,DUS,BOG,MXP,JNB,ARN,MAN,MDW,DCA,BRU,DUB,GMP,DOH,STN,HGH,CJU,YVR,TXL,SAN,TPA,CGH,BSB,CTS,XMN,RUH,FUK,GIG,HEL,LIS,ATH,AKL
"ATLANTA GA, US (ATL)","BEIJING, CN (PEK)","LONDON, GB (LHR)","CHICAGO IL, US (ORD)","TOKYO, JP (HND)","LOS ANGELES CA, US (LAX)","PARIS, FR (CDG)","DALLAS/FORT WORTH TX, US (DFW)","FRANKFURT, DE (FRA)","HONG KONG, HK (HKG)","DENVER CO, US (DEN)","DUBAI, AE (DXB)","JAKARTA, ID (CGK)","AMSTERDAM, NL (AMS)","MADRID, ES (MAD)","BANGKOK, TH (BKK)","NEW YORK NY, US (JFK)","SINGAPORE, SG (SIN)","GUANGZHOU, CN (CAN)","LAS VEGAS NV, US (LAS)","SHANGHAI, CN (PVG)","SAN FRANCISCO CA, US (SFO)","PHOENIX AZ, US (PHX)","HOUSTON TX, US (IAH)","CHARLOTTE NC, US (CLT)","MIAMI FL, US (MIA)","MUNICH, DE (MUC)","KUALA LUMPUR, MY (KUL)","ROME, IT (FCO)","ISTANBUL, TR (IST)","SYDNEY, AU (SYD)","ORLANDO FL, US (MCO)","INCHEON, KR (ICN)","NEW DELHI, IN (DEL)","BARCELONA, ES (BCN)","LONDON, GB (LGW)","NEWARK NJ, US (EWR)","TORONTO ON, CA (YYZ)","SHANGHAI, CN (SHA)","MINNEAPOLIS MN, US (MSP)","SEATTLE WA, US (SEA)","DETROIT MI, US (DTW)","PHILADELPHIA PA, US (PHL)","MUMBAI, IN (BOM)","SÃO PAULO, BR (GRU)","MANILA, PH (MNL)","CHENGDU, CN (CTU)","BOSTON MA, US (BOS)","SHENZHEN, CN (SZX)","MELBOURNE, AU (MEL)","TOKYO, JP (NRT)","PARIS, FR (ORY)","MEXICO CITY, MX (MEX)","MOSCOW, RU (DME)","ANTALYA, TR (AYT)","TAIPEI, TW (TPE)","ZURICH, CH (ZRH)","NEW YORK NY, US (LGA)","FORT LAUDERDALE, FL, US (FLL)","WASHINGTON, DC, US (IAD)","PALMA DE MALLORCA, ES (PMI)","COPENHAGEN, DK (CPH)","MOSCOW, RU (SVO)","BALTIMORE MD, US (BWI)","KUNMING, CN (KMG)","VIENNA, AT (VIE)","OSLO, NO (OSL)","JEDDAH, SA (JED)","BRISBANE, AU (BNE)","SALT LAKE CITY UT, US (SLC)","DÜSSELDORF, DE (DUS)","BOGOTA, CO (BOG)","MILAN, IT (MXP)","JOHANNESBURG, ZA (JNB)","STOCKHOLM, SE (ARN)","MANCHESTER, GB (MAN)","CHICAGO IL, US (MDW)","WASHINGTON DC, US (DCA)","BRUSSELS, BE (BRU)","DUBLIN, IE (DUB)","SEOUL, KR (GMP)","DOHA, QA (DOH)","LONDON, GB (STN)","HANGZHOU, CN (HGH)","JEJU, KR (CJU)","VANCOUVER BC, CA (YVR)","BERLIN, DE (TXL)","SAN DIEGO CA, US (SAN)","TAMPA FL, US (TPA)","SÃO PAULO, BR (CGH)","BRASILIA, BR (BSB)","SAPPORO, JP (CTS)","XIAMEN, CN (XMN)","RIYADH, SA (RUH)","FUKUOKA, JP (FUK)","RIO DE JANEIRO, BR (GIG)","HELSINKI, FI (HEL)","LISBON, PT (LIS)","ATHENS, GR (ATH)","AUCKLAND, NZ (AKL)"
"ATLANTA GA, US (ATL) Airport","BEIJING, CN (PEK) Airport","LONDON, GB (LHR) Airport","CHICAGO IL, US (ORD) Airport","TOKYO, JP (HND) Airport","LOS ANGELES CA, US (LAX) Airport","PARIS, FR (CDG) Airport","DALLAS/FORT WORTH TX, US (DFW) Airport","FRANKFURT, DE (FRA) Airport","HONG KONG, HK (HKG) Airport","DENVER CO, US (DEN) Airport","DUBAI, AE (DXB) Airport","JAKARTA, ID (CGK) Airport","AMSTERDAM, NL (AMS) Airport","MADRID, ES (MAD) Airport","BANGKOK, TH (BKK) Airport","NEW YORK NY, US (JFK) Airport","SINGAPORE, SG (SIN) Airport","GUANGZHOU, CN (CAN) Airport","LAS VEGAS NV, US (LAS) Airport","SHANGHAI, CN (PVG) Airport","SAN FRANCISCO CA, US (SFO) Airport","PHOENIX AZ, US (PHX) Airport","HOUSTON TX, US (IAH) Airport","CHARLOTTE NC, US (CLT) Airport","MIAMI FL, US (MIA) Airport","MUNICH, DE (MUC) Airport","KUALA LUMPUR, MY (KUL) Airport","ROME, IT (FCO) Airport","ISTANBUL, TR (IST) Airport","SYDNEY, AU (SYD) Airport","ORLANDO FL, US (MCO) Airport","INCHEON, KR (ICN) Airport","NEW DELHI, IN (DEL) Airport","BARCELONA, ES (BCN) Airport","LONDON, GB (LGW) Airport","NEWARK NJ, US (EWR) Airport","TORONTO ON, CA (YYZ) Airport","SHANGHAI, CN (SHA) Airport","MINNEAPOLIS MN, US (MSP) Airport","SEATTLE WA, US (SEA) Airport","DETROIT MI, US (DTW) Airport","PHILADELPHIA PA, US (PHL) Airport","MUMBAI, IN (BOM) Airport","SÃO PAULO, BR (GRU) Airport","MANILA, PH (MNL) Airport","CHENGDU, CN (CTU) Airport","BOSTON MA, US (BOS) Airport","SHENZHEN, CN (SZX) Airport","MELBOURNE, AU (MEL) Airport","TOKYO, JP (NRT) Airport","PARIS, FR (ORY) Airport","MEXICO CITY, MX (MEX) Airport","MOSCOW, RU (DME) Airport","ANTALYA, TR (AYT) Airport","TAIPEI, TW (TPE) Airport","ZURICH, CH (ZRH) Airport","NEW YORK NY, US (LGA) Airport","FORT LAUDERDALE, FL, US (FLL) Airport","WASHINGTON, DC, US (IAD) Airport","PALMA DE MALLORCA, ES (PMI) Airport","COPENHAGEN, DK (CPH) Airport","MOSCOW, RU (SVO) Airport","BALTIMORE MD, US (BWI) Airport","KUNMING, CN (KMG) Airport","VIENNA, AT (VIE) Airport","OSLO, NO (OSL) Airport","JEDDAH, SA (JED) Airport","BRISBANE, AU (BNE) Airport","SALT LAKE CITY UT, US (SLC) Airport","DÜSSELDORF, DE (DUS) Airport","BOGOTA, CO (BOG) Airport","MILAN, IT (MXP) Airport","JOHANNESBURG, ZA (JNB) Airport","STOCKHOLM, SE (ARN) Airport","MANCHESTER, GB (MAN) Airport","CHICAGO IL, US (MDW) Airport","WASHINGTON DC, US (DCA) Airport","BRUSSELS, BE (BRU) Airport","DUBLIN, IE (DUB) Airport","SEOUL, KR (GMP) Airport","DOHA, QA (DOH) Airport","LONDON, GB (STN) Airport","HANGZHOU, CN (HGH) Airport","JEJU, KR (CJU) Airport","VANCOUVER BC, CA (YVR) Airport","BERLIN, DE (TXL) Airport","SAN DIEGO CA, US (SAN) Airport","TAMPA FL, US (TPA) Airport","SÃO PAULO, BR (CGH) Airport","BRASILIA, BR (BSB) Airport","SAPPORO, JP (CTS) Airport","XIAMEN, CN (XMN) Airport","RIYADH, SA (RUH) Airport","FUKUOKA, JP (FUK) Airport","RIO DE JANEIRO, BR (GIG) Airport","HELSINKI, FI (HEL) Airport","LISBON, PT (LIS) Airport","ATHENS, GR (ATH) Airport","AUCKLAND, NZ (AKL) Airport"
92365860,77403668,69433565,66561023,62263025,61848449,60970551,57806152,56436255,53314213,52699298,50977960,50446618,49754910,49644302,47910744,47854283,46543845,45400156,41479572,41450211,40907389,40565677,40170844,39043708,38314389,37763701,37670586,37651222,37398221,36022614,35356991,35191825,34729467,34387597,33668048,33577154,33434199,33112442,33074443,32820060,32419181,30839130,30439122,30371131,29551394,29073990,28866313,28245745,28060111,28055772,27139076,26368861,25701610,25183142,24947551,24283941,24028400,23348804,23056291,22723837,22673477,22555309,22395638,22272776,21106330,21092873,20929686,20589207,20440913,20339466,20327901,19291427,19114384,19088363,18991503,18882549,18811335,18756885,18735944,18513982,18202649,18046777,17512034,17202278,17193080,16919820,16836027,16732051,16687731,15801122,15773073,15753183,15432950,15431078,15184350,14851675,14791260,14428032,14012329
89292748,73913402,65884143,66904971,64117894,58995672,58166563,56905066,53009221,50359536,52209203,47180628,43981022,45211749,49842726,42784967,46493667,42038777,40975253,39757359,40387640,39254110,38552409,40475669,38143078,35698025,34721605,34087636,36227778,32165817,35992172,34877507,33605579,28531607,29197135,31378644,33133852,31937895,31298812,32749649,31553166,32377064,30775271,28137797,27432346,27148724,25805815,27429152,26713610,27731252,33815906,25203787,24130535,22253529,21857524,25114413,22826942,23980687,22406810,23447177,21110092,21452464,19329185,21951650,20194754,19691206,19091113,17913975,20020966,20987646,18988489,18827118,18947808,18565250,16988614,17873023,17647771,18105802,17149416,18431678,17575244,15863292,18574204,17068585,15724770,16926870,15025600,16901322,16645765,15441789,14824113,16745235,13248367,14136837,16404617,12605637,12866036,14058751,15390156,13705116
3.3,4.5,5.1,-0.5,-3.0,4.6,4.6,1.6,6.1,5.5,0.9,7.4,14.7,9.1,-0.4,10.7,2.8,9.7,9.7,4.2,2.6,4.0,5.0,-0.8,2.3,6.8,8.1,9.5,3.8,14.0,0.1,1.4,4.5,17.8,15.1,6.8,1.3,4.5,5.5,1.0,3.9,0.1,0.2,7.6,9.7,8.1,11.2,5.0,5.4,1.2,-20.5,7.1,8.5,13.4,13.2,-0.7,6.0,0.2,4.0,-1.7,7.1,5.4,14.3,2.0,9.3,6.7,9.5,14.4,2.8,-2.7,6.6,7.4,1.8,2.9,11.0,5.9,6.5,3.8,8.6,1.6,5.1,12.9,-2.9,2.5,8.6,1.5,11.2,-0.4,0.5,7.5,6.2,-6.2,15.9,8.4,-6.3,17.0,13.4,5.0,-6.7,2.2
60,84,105,85,19,99,131,62,131,87,57,126,45,118,93,113,100,80,49,64,76,76,51,54,39,91,95,68,124,79,55,63,76,70,90,71,64,66,21,41,59,45,51,60,35,35,30,68,31,44,63,52,42,71,24,43,79,30,46,63,57,76,48,39,27,96,59,54,43,38,74,30,109,63,76,79,8,42,97,54,9,43,25,28,8,54,70,57,48,6,10,28,33,35,31,25,53,57,81,35
Atlanta,Shunyi,Hounslow,Chicago,Tokyo,Los Angeles,Le Mesnil-Amelot,Dallas,Frankfurt,Hong Kong,Denver,Dubai,Tangerang,Schiphol Zuid,Madrid,Lak Si,Jamaica,Singapore,Guangzhou,Las Vegas,Huinan,San Francisco,Phoenix,Houston,Charlotte,Miami,Oberding,Sepang,Rome,Bakırköy,Sydney,Orlando,Incheon,New Delhi,El Prat de Llobregat,Horley,Newark,Mississauga,Shanghai,St. Paul,Seattle,Detroit,Philadelphia,Mumbai,Guarulhos,Parañaque,Chengdu,Boston,Shenzhen,Melbourne,Narita-shi,Paris,Mexico City,Podol'sk,Antalya,Taoyuan City,Kloten,Flushing,Dania Beach,Washington,Palma,Kastrup,Zelenograd,Baltimore,Kunming,Klein-Neusiedl,Gardermoen,Jeddah,Brisbane,Salt Lake City,Dusseldorf,Fontibón,Cardano al Campo,Johannesburg,Märst,Manchester,Chicago,Arlington,Bruxelles,Cloghran,Seoul,Doha,Stansted Mountfitchet,Hangzhou,Jeju-Si,Richmond,Berlin,San Diego,Tampa,Sao Paulo,Lago Sul,Chitose-shi,Xiamen,Riyadh,Fukuoka-shi,Rio de Janeiro,Vantaa,Lisbon,Athens,Manukau City
United States,China,United Kingdom,United States,Japan,United States,France,United States,Germany,Hong Kong,United States,United Arab Emirates,Indonesia,Netherlands,Spain,Thailand,United States,Singapore,China,United States,China,United States,United States,United States,United States,United States,Germany,Malaysia,Italy,Turkey,Australia,United States,South Korea,India,Spain,United Kingdom,United States,Canada,China,United States,United States,United States,United States,India,Brazil,Philippines,China,United States,China,Australia,Japan,France,Mexico,Russia,Turkey,Taiwan,Switzerland,United States,United States,United States,Spain,Denmark,Russia,United States,China,Austria,Norway,Saudi Arabia,Australia,United States,Germany,Colombia,Italy,South Africa,Sweden,United Kingdom,United States,United States,Belgium,Ireland,South Korea,Qatar,United Kingdom,China,South Korea,Canada,Germany,United States,United States,Brazil,Brazil,Japan,China,Saudi Arabia,Japan,Brazil,Finland,Portugal,Greece,New Zealand
253,165,227,222,55,200,310,179,337,131,162,170,51,284,186,132,233,108,111,130,131,147,108,210,133,167,213,101,181,157,84,106,139,95,145,227,220,176,60,171,109,161,133,86,63,77,62,113,81,53,97,138,98,165,51,52,161,82,108,150,109,136,140,79,62,183,116,106,62,104,167,64,163,89,126,129,55,77,186,167,10,87,168,46,19,92,101,51,74,26,32,30,55,71,36,32,104,92,117,52
1026,115,80,668,,126,387,603,364,19,5333,34,34,-11,1998,12,13,65,45,2174,,12,1132,98,749,11,1737,,14,157,21,96,6,776,15,202,18,569,15,841,429,639,21,36,2459,75,,20,3,434,141,292,7341,512,167,33,1416,22,11,313,15,17,623,146,6235,600,681,48,13,4226,147,8356,768,5512,123,256,619,16,184,222,,35,347,,126,9,121,15,26,2631,3473,87,59,2082,30,30,179,374,308,23
,,,,,,,,,,,,,,,,,,,,,,,,,customerservice@miami-airport.com,,,,,,,,,,,,,,,,,,,,,chengduair@cdairport.com,,sacabd@public.szptt.net.cn,,,,,,,,,,,,,,,,,,,,,,,,,,,,,,,,,,,,,,,,,,,,,,,,,,,
KATL,ZBAA,EGLL,KORD,KHND,KLAX,LFPG,KDFW,EDDF,VHHH,KDEN,OMDB,WIII,EHAM,LEMD,VTBS,KJFK,WSSS,ZGGG,KLAS,KPVG,KSFO,KPHX,KIAH,KCLT,KMIA,EDDM,WMKK,LIRF,LTBA,YSSY,KMCO,RKSI,VIDP,LEBL,,KEWR,CYYZ,ZSSS,KMSP,KSEA,KDTW,KPHL,VABB,SBGR,RPLL,ZUUU,KBOS,,YMML,RJAA,LFPO,MMMX,UUDD,LTAI,RCTP,LSZH,KLGA,KFLL,KIAD,LEPA,EKCH,UUEE,KBWI,ZPPP,LOWW,ENGM,OEJN,YBBN,KSLC,EDDL,SKBO,LIMC,FAJS,ESSA,EGCC,KMDW,KDCA,EBBR,EIDW,RKSS,OTBD,EGSS,ZSHC,RKPC,CYVR,EDDT,KSAN,KTPA,SBSP,SBBR,RJCC,ZSAM,OERK,RJFF,SBGL,EFHK,LPPT,LGAV,NZAA
33.6558,40.0724,51.4703,41.9796,35.5533,33.9456,49.0175,32.9222,50.0483,22.3124,39.8396,25.2509,-6.11964,52.3122,40.4684,13.9144,40.6437,1.3578,23.3925,36.0806,31.1156,37.6148,33.4376,29.9784,35.2226,25.7953,48.354,2.77859,41.8026,40.9857,-33.9344,28.4418,37.4534,28.5603,41.3006,51.1568,40.6924,43.685,31.1865,44.8793,47.4405,42.2327,39.8768,19.0932,-23.435,14.5114,30.5775,42.3717,22.5333,-37.6759,35.7491,48.7261,19.4344,55.4025,36.9022,25.081,47.454,40.7731,26.0722,38.9556,39.5495,55.6205,55.9621,39.1841,24.966,48.1036,60.1947,21.706,-27.3589,40.7862,51.2794,4.69895,45.6314,-26.1219,59.6521,53.365,41.7875,38.849,50.899,53.4272,37.5563,25.2592,51.8894,30.3332,33.5056,49.1931,52.5548,32.7299,27.9744,-23.6285,-15.8622,42.7757,24.5333,24.9625,33.5971,-22.8094,60.3243,38.7701,37.8937,-37.0085
-84.4333,116.583,-0.45342,-87.8825,139.771,-118.391,2.5564,-97.0409,8.57041,113.929,-104.672,55.3629,106.656,4.77511,-3.56769,100.608,-73.79,103.991,113.299,-115.143,121.803,-122.392,-112.03,-95.3424,-80.946,-80.2727,11.7816,101.689,12.2551,28.8163,151.168,-81.3115,126.657,77.1027,2.07976,-0.16988,-74.1843,-79.6142,121.34,-93.1987,-122.296,-83.3412,-75.2419,72.8654,-46.4728,121.016,103.941,-71.0281,113.967,144.844,140.389,2.36411,-99.0742,37.9136,30.7917,121.237,8.56137,-73.8756,-80.1354,-77.4484,2.73188,12.6495,37.4189,-76.6745,102.733,16.5804,11.1005,39.1386,153.122,-111.982,6.76481,-74.1435,8.72284,28.2467,17.9317,-2.27089,-87.7416,-77.0438,4.4859,-6.24418,126.793,51.5658,0.26151,120.234,126.495,-123.172,13.289,-117.195,-82.5356,-46.6589,-47.9122,141.691,118.117,46.7078,130.443,-43.25,24.9688,-9.13775,23.7235,174.782
Hartsfield-Jackson Atlanta International Airport,Beijing Capital Airport,London Heathrow Airport,Chicago O'Hare International Airport,Tokyo International Airport,Los Angeles International Airport,Charles de Gaulle International Airport,Fort Worth International Airport,Frankfurt International Airport,Hong Kong International Airport,Denver International Airport,Dubai International Airport,Jakarta International Airport,Schiphol Airport,Barajas Airport,Bangkok International Airport,John F Kennedy International Airport,Singapore Changi Airport,Baiyun Airport,Mccarran International Airport,Pudong International Airport,San Francisco International Airport,Sky Harbor International Airport,George Bush Intercontinental Airport,Douglas International Airport,Miami International Airport,Franz-Josef-Strauss Airport,Kuala Lumpur International Airport,Leonardo da Vinci International Airport,Ataturk Hava Limani Airport,Kingsford Smith Airport,Orlando International Airport,New Incheon International Airport,Indira Gandhi International Airport,Barcelona International Airport,London Gatwick Airport,Newark International Airport,Toronto Lester B Pearson International Airport,Hongqiao Airport,Minneapolis St Paul International Airport,Tacoma International Airport,Detroit Metropolitan Wayne County Airport,Philadelphia International Airport,Chhatrapati Shivaji International Airport,Governador Andre Franco Montoro International Ai,Ninoy Aquino International Airport,Chengdushuang Liu Airport,Gen E L Logan International Airport,Shenzhen Airport,Melbourne International Airport,Narita International Airport,Paris Orly Airport,Lic Benito Juarez International Airport,Domodedovo Airport,Antalya Airport,Taiwan Taoyuan International Airport,Zurich International Airport,LaGuardia Airport,Fort Lauderdale Hollywood International Airport,Dulles International Airport,Palma de Mallorca Airport,Copenhagen Airport,Sheremtyevo Airport,Baltimore-Washington International Thurgood Mars,Wuchia Pa Airport,Vienna Schwechat International Airport,Oslo Gardermoen Airport,King Abdul Aziz International Airport,Brisbane International Airport,Salt Lake City International Airport,Dusseldorf International Airport,Eldorado International Airport,Malpensa International Airport,OR Tambo International Airport,Arlanda Airport,Manchester International Airport,Chicago Midway International Airport,Washington National Airport,Brussels Airport,Dublin Airport,Gimpo International Airport,Doha International Airport,London Stansted International Airport,Jianoiao Airport,Cheju International Airport,Vancouver International Airport,Berlin-Tegel International Airport,San Diego International Airport,Tampa International Airport,Congonhas International Airport,Juscelino Kubitschek International Airport,New Chitose Airport,Xiamen Airport,King Khalid International Airport,Fukuoka Airport,Rio de Janeiro-Antonio Carlos Jobim Internationa,Helsinki Vantaa Airport,Lisbon Airport,Eleftherios Venizelos International Airport,Auckland International Airport
(654) 57 8833,,+44 (0)8700 000698,,,,,,+49 69 690 0,+852 2188 7111,,+971 4 216 2525,+62 (0)21 550 5179,+31-207940800,00 34 902 404 704,,,(65) 6542 1122,0086-020-86120000,(702) 261-5211,,(650) 821-8211,,,,(305) 876-7000,,+603 8776 4386,+39 06 65951,,,,,,,0870 000 2468,,,,,,,,,,,0086-28-85702649 / 0086-,,0086-755-27776047,,,,,,,+886 (03) 398-2036,+41 43 816 22 11,,,703-572-6001,,,,410-859-7111,,,+47 64812000,,+61 7 3406 3000,,,,,+27 (0)11 921 6262,+46 8 797 6000,+44 (0) 161 489 3000,,703 417 80 00,+32 (0) 900 7 0000,+353 1 8141111,,,,,,,"0180 5000 186 (0,12 Euro",(619) 231 2100,1(813)870-8770,,,,,,,+55(21)3398-5050,+358 200 14636,+351 218 413 500,0030 210 353 0001,+64 9 256 8899
11889,12467,12802,13000,,12091,11811,11388,13123,12467,12000,13123,12008,12467,13451,12139,14572,13200,11000,12636,,11870,11001,12001,10000,13000,13100,4000,12795,9842,13000,12004,12300,12500,11001,10364,11000,11120,10500,11006,11900,10501,10500,11446,12140,11004,,10081,3400,12000,13123,11975,12619,,11243,3660,12139,7000,9001,11501,10728,11811,12139,9519,9840,11811,11811,12467,11483,12003,9842,12467,12844,14495,10827,10000,6519,6869,9790,7499,,15000,10000,,9800,11500,9918,9400,11002,6362,10499,9843,7054,13287,9250,13123,11286,12484,13123,10800
Georgia,Beijing,England,Illinois,Tokyo Prefecture,California,Ile-de-France,Texas,Hesse,Hong Kong Island,Colorado,Dubai,Banten,North Holland,Madrid,Bangkok,New York,South East,Guangdong,Nevada,Shanghai,California,Arizona,Texas,North Carolina,Florida,Bavaria,Putrajaya,Lazio,Istanbul,New South Wales,Florida,Incheon,Madhya Pradesh,Catalonia,England,New Jersey,Ontario,Shanghai,Minnesota,Washington,Michigan,Pennsylvania,Maharashtra,Sao Paulo,National Capital Region,Sichuan,Massachusetts,Guangdong,Victoria,Chiba Prefecture,Ile-de-France,Distrito Federal,Moskovskaya Oblast,Antalya,Taiwan Province,Canton of Zurich,New York,Florida,Virginia,Balearic Islands,Hovedstaden,Moskovskaya Oblast,Maryland,Yunnan,Lower Austria,Akershus Fylke,Makka,Queensland,Utah,North Rhine-Westphalia,Distrito Especial,Lombardy,Gauteng,Stockholm,England,Illinois,Virginia,Vlaams Brabant,,Seoul,Doha,England,Zhejiang,Jaeju-Do,British Columbia,Berlin,California,Florida,Sao Paulo,Distrito Federal,Hokkaido Prefecture,Fujian,Ar Riyad,Fukuoka Prefecture,Rio de Janeiro,Southern Finland,Lisbon,Attiki,Auckland
Airports,Airports,Airports,Airports,Airports,Airports,Airports,Airports,Airports,Airports,Airports,Airports,Airports,Airports,Airports,Airports,Airports,Airports,Airports,Airports,Airports,Airports,Airports,Airports,Airports,Airports,Airports,Airports,Airports,Airports,Airports,Airports,Airports,Airports,Airports,Airports,Airports,Airports,Airports,Airports,Airports,Airports,Airports,Airports,Airports,Airports,Airports,Airports,Airports,Airports,Airports,Airports,Airports,Airports,Airports,Airports,Airports,Airports,Airports,Airports,Airports,Airports,Airports,Airports,Airports,Airports,Airports,Airports,Airports,Airports,Airports,Airports,Airports,Airports,Airports,Airports,Airports,Airports,Airports,Airports,Airports,Airports,Airports,Airports,Airports,Airports,Airports,Airports,Airports,Airports,Airports,Airports,Airports,Airports,Airports,Airports,Airports,Airports,Airports,Airports
America/New_York,Asia/Shanghai,Europe/London,America/Chicago,Asia/Tokyo,America/Los_Angeles,Europe/Paris,America/Chicago,Europe/Berlin,Asia/Hong_Kong,America/Denver,Asia/Dubai,Asia/Jakarta,Europe/Amsterdam,Europe/Madrid,Asia/Bangkok,America/New_York,Asia/Singapore,Asia/Chongqing,America/Los_Angeles,Asia/Shanghai,America/Los_Angeles,America/Phoenix,America/Chicago,America/New_York,America/New_York,Europe/Berlin,Asia/Kuala_Lumpur,Europe/Rome,Europe/Istanbul,Australia/Sydney,America/New_York,Asia/Seoul,Asia/Kolkata,Europe/Madrid,Europe/London,America/New_York,America/Toronto,Asia/Shanghai,America/Chicago,America/Los_Angeles,America/New_York,America/New_York,Asia/Kolkata,America/Sao_Paulo,Asia/Manila,Asia/Shanghai,America/New_York,Asia/Shanghai,Australia/Melbourne,Asia/Tokyo,Europe/Paris,America/Mexico_City,Europe/Moscow,Europe/Istanbul,Asia/Taipei,Europe/Zurich,America/New_York,America/New_York,America/New_York,Europe/Madrid,Europe/Copenhagen,Europe/Moscow,America/New_York,Asia/Shanghai,Europe/Vienna,Europe/Oslo,Asia/Riyadh,Australia/Brisbane,America/Denver,Europe/Berlin,America/Bogota,Europe/Rome,Africa/Johannesburg,Europe/Stockholm,Europe/London,America/Chicago,America/New_York,Europe/Brussels,Europe/Dublin,Asia/Seoul,Asia/Qatar,Europe/London,Asia/Shanghai,Asia/Seoul,America/Vancouver,Europe/Berlin,America/Los_Angeles,America/New_York,America/Sao_Paulo,America/Sao_Paulo,Asia/Tokyo,Asia/Shanghai,Asia/Riyadh,Asia/Tokyo,America/Sao_Paulo,Europe/Helsinki,Europe/Lisbon,Europe/Athens,Pacific/Auckland
http://www.atlanta-airport.com/,http://www.bcia.com.cn,http://www.heathrowairport.com,http://www.flychicago.com/ohare/home.asp,http://www.tokyo-airport-bldg.co.jp/,,,,http://www.airportcity-frankfurt.de,http://www.hongkongairport.com/,,http://www.dubaiairport.com,http://www.angkasapura2.co.id,http://www.schiphol.com/,,http://www.airportthai.co.th/airportnew/bia/html/,,http://www.changiairport.com.sg/,,http://www.mccarran.com,,http://www.flysfo.com,http://phoenix.gov/Ahttp://phoenix.gov/aviation,,http://www.charmeck.org/Departments/Airport/Home.htm,http://www.miami-airport.com,http://www.munich-airport.de/,http://www.klia.com.my/,http://www.adr.it/,,,,http://www.airport.or.kr/eng/airport/,,http://www.aena.es,http://www.gatwickairport.com/,,http://www.gtaa.com/,,http://mspairport.com,http://www.portseattle.org/seatac/,http://www.metroairport.com/,http://www.phl.org,http://www.airportsindia.org.in/aai/mumbai/index.htm,,,http://www.cdairport.com/cdairport/en_front/index.jsp,,http://www.szairport.com/index_e.asp,,http://www.narita-airport.jp,http://www.adp.fr,http://www.aicm.com.mx/,http://www.domodedovo.ru,,http://www.cksairport.gov.tw/,http://www.zurich-airport.com,,,http://www.metwashairports.com/Dulles/,,http://www.cph.dk,http://www.sheremetyevo-airport.ru,http://www.bwiairport.com,,http://www.viennaairport.com,http://www.osl.no,,http://www.bne.com.au/,,http://www.duesseldorf-international.de/,http://www.aerocivil.gov.co/plan%20maestro/index.htm,http://www.sea-aeroportimilano.it/,http://www.airports.co.za/home.asp?pid=1147,http://www.arlanda.se,http://www.manchesterairport.co.uk,,http://metwashairports.com/reagan,http://www.brusselsairport.be,http://www.dub.aero,,,http://www.stanstedairport.com/,,,http://www.yvr.ca/,http://www.berlin-airport.de/PubEnglish/PubTegel/index.php?,http://www.san.org/,http://www.tampaairport.com/,,http://www.infraero.gov.br/,,,,,,http://www.helsinki-vantaa.fi/,http://www.ana.pt,http://www.aia.gr,http://www.auckland-airport.co.nz/
12522118,12511989,23382429,12521200,23388311,12520706,22140453,12519786,22981759,24875607,12523052,23388362,23388291,22386730,12517539,12517747,12520380,12517525,12511984,12520849,23428057,12521721,12521872,12520245,12519519,12520923,22923040,28752278,22318195,23388365,23388205,12521243,24554859,12513599,22411879,23387567,12521127,12511883,23388248,12520966,12522066,12519481,12521360,12513559,12511170,12515637,12512010,12519874,12523239,23388202,12513999,22144181,12514910,12515946,12517869,2306254,22442771,12520509,12519836,12519544,23281165,22851127,12516860,12522341,12512231,22022012,12515119,23388353,23388207,12521709,23024911,12512375,22306432,12517424,12517610,22478032,12519178,12522343,22103751,23388266,23388324,12515487,22489156,12512090,12514202,12511894,22164086,12520660,12522077,23388212,12511058,12523091,12523266,12517349,23388316,12511292,12512766,22405520,12513286,12515151
